{
  "model_version": "v20251206T120347Z",
  "created_at": "2025-12-06T12:03:54.166620Z",
  "feature_store_used": false,
  "n_features": 24,
  "n_train_samples": 821,
  "n_test_samples": 274,
  "test_size": 0.25,
  "classification_metrics": {
    "accuracy": 0.551094890510949,
    "f1_score": 0.49443425986406897,
    "precision": 0.5409233771512246,
    "recall": 0.551094890510949,
    "test_samples": 274
  },
  "regression_metrics": {
    "rmse": 0.25115908899444267,
    "mae": 0.13973263120272336,
    "r2": -10.50599652643448,
    "test_samples": 274
  },
  "feature_columns": [
    "Open",
    "High",
    "Low",
    "Close",
    "Volume",
    "SMA_7",
    "SMA_14",
    "SMA_30",
    "EMA_7",
    "EMA_14",
    "momentum_7",
    "momentum_14",
    "momentum_30",
    "volatility_7",
    "volatility_14",
    "RSI",
    "MACD",
    "MACD_signal",
    "BB_middle",
    "BB_upper",
    "BB_lower",
    "BB_width",
    "volume_SMA_7",
    "volume_change"
  ]
}