{
  "version": "v20251204T133908Z",
  "created_at": "2025-12-04T13:39:09.158780Z",
  "regression_metrics": {
    "rmse": 0.09179521792702257,
    "r2": -0.047976486308562105,
    "test_samples": 3
  },
  "classification_metrics": {
    "accuracy": 1.0,
    "f1_score": 1.0,
    "test_samples": 3
  },
  "feature_count": 6,
  "model_type": "RandomForest"
}