{
  "version": "v20251205T051142Z",
  "created_at": "2025-12-05T05:11:42.325949Z",
  "regression_metrics": {
    "rmse": 1.2509051763890884,
    "r2": -0.27626374540245746,
    "test_samples": 60
  },
  "classification_metrics": {
    "accuracy": 0.5666666666666667,
    "f1_score": 0.5632925472747498,
    "test_samples": 60
  },
  "feature_count": 30,
  "model_type": "RandomForest"
}