{
  "version": "v20251205T052715Z",
  "created_at": "2025-12-05T05:27:16.045756Z",
  "regression_metrics": {
    "rmse": 1.0689089793905617,
    "r2": 0.1279570445701369,
    "test_samples": 30
  },
  "classification_metrics": {
    "accuracy": 0.7,
    "f1_score": 0.7032967032967032,
    "test_samples": 30
  },
  "feature_count": 31,
  "model_type": "RandomForest"
}