{
  "version": "v20251204T133026Z",
  "created_at": "2025-12-04T13:30:26.229382Z",
  "regression_metrics": {
    "rmse": 0.07291080023994084,
    "r2": 0.4832091317896743,
    "test_samples": 2
  },
  "classification_metrics": {
    "accuracy": 1.0,
    "f1_score": 1.0,
    "test_samples": 2
  },
  "feature_count": 6,
  "model_type": "RandomForest"
}