{
  "model_version": "v20251206T120315Z",
  "created_at": "2025-12-06T12:03:20.060541Z",
  "feature_store_used": false,
  "n_features": 24,
  "n_train_samples": 584,
  "n_test_samples": 146,
  "test_size": 0.2,
  "classification_metrics": {
    "accuracy": 0.5684931506849316,
    "f1_score": 0.5628237176282371,
    "precision": 0.6116998363056776,
    "recall": 0.5684931506849316,
    "test_samples": 146
  },
  "regression_metrics": {
    "rmse": 0.35280773059848675,
    "mae": 0.18492258019318822,
    "r2": -3.1022577020228352,
    "test_samples": 146
  },
  "feature_columns": [
    "Open",
    "High",
    "Low",
    "Close",
    "Volume",
    "SMA_7",
    "SMA_14",
    "SMA_30",
    "EMA_7",
    "EMA_14",
    "momentum_7",
    "momentum_14",
    "momentum_30",
    "volatility_7",
    "volatility_14",
    "RSI",
    "MACD",
    "MACD_signal",
    "BB_middle",
    "BB_upper",
    "BB_lower",
    "BB_width",
    "volume_SMA_7",
    "volume_change"
  ]
}