{
  "version": "v20251205T051318Z",
  "created_at": "2025-12-05T05:13:19.055594Z",
  "regression_metrics": {
    "rmse": 1.340673707349019,
    "r2": -0.34081142452397395,
    "test_samples": 30
  },
  "classification_metrics": {
    "accuracy": 0.4666666666666667,
    "f1_score": 0.4473604826546004,
    "test_samples": 30
  },
  "feature_count": 30,
  "model_type": "RandomForest"
}