{
  "version": "v20251205T050937Z",
  "created_at": "2025-12-05T05:09:38.289902Z",
  "regression_metrics": {
    "rmse": 1.2488688360396523,
    "r2": -0.2718686314998182,
    "test_samples": 60
  },
  "classification_metrics": {
    "accuracy": 0.5666666666666667,
    "f1_score": 0.5768799102132436,
    "test_samples": 60
  },
  "feature_count": 30,
  "model_type": "RandomForest"
}